node_id,symptom
0,C0022541
1,C0023530
2,C0002103
3,C0035455
4,C0009806
5,C0011991
6,C0021359
7,C0014335
8,C0003113
9,C0026821
10,C0036572
11,C0011570
12,C0001925
13,C0033687
14,C0020615
15,C0032914
16,C0338591
17,C0700590
18,C0019572
19,C0006625
20,C0027498
21,C0018777
22,C0015967
23,C3552463
24,C0023014
25,C0015672
26,C0271215
27,C0028754
28,C0028756
29,C3203358
30,C0031154
31,C0000737
32,C0086565
33,C0019214
34,C0235153
35,C0018784
36,C0020455
37,C0020438
38,C0020538
39,C0751837
40,C0009460
41,C0151825
42,C0162298
43,C0086437
44,C0003862
45,C0152031
46,C0035229
47,C0231835
48,C0013404
49,C0476273
50,C1145670
51,C0009421
52,C0026838
53,C0026846
54,C0151786
55,C0015644
56,C0026826
57,C0013421
58,C0027066
59,C0542476
60,C0751295
61,C0002622
62,C0234979
63,C1838869
64,C0003537
65,C0917816
66,C0221263
67,C0010200
68,C0178417
69,C0231807
70,C0162674
71,C0427055
72,C0476254
73,C1963137
74,C0231791
75,C0005779
76,C0042963
77,C0237326
78,C0016382
79,C0151908
80,C0085636
81,C0022346
82,C0033774
83,C0034150
84,C0015230
85,C0155320
86,C0018989
87,C0022116
88,C0018780
89,C0032285
90,C0026837
91,C0427190
92,C0152200
93,C0231528
94,C0746674
95,C0240735
96,C3668816
97,C0002418
98,C0009398
99,C0700078
100,C0270948
101,C0035078
102,C1963154
103,C0019825
104,C0456909
105,C0003635
106,C0013595
107,C0042798
108,C0023380
109,C0234144
110,C0013604
111,C0037315
112,C0037317
113,C0851578
114,C0241210
115,C0020305
116,C0398650
117,C1262477
118,C0043094
119,C1384666
120,C1691779
121,C0030193
122,C0020429
123,C1860844
124,C0018681
125,C0012833
126,C0206160
127,C0033377
128,C4020887
129,C0018834
130,C0008489
131,C0006271
132,C0030486
133,C1836296
134,C0032617
135,C0042024
136,C0007758
137,C0014118
138,C0008031
139,C2364082
140,C0003126
141,C0023186
142,C0751265
143,C0042384
144,C0040034
145,C0231712
146,C0021368
147,C0030232
148,C0029089
149,C0005745
150,C0003123
151,C0271097
152,C2931205
153,C1568248
154,C1568249
155,C0699731
156,C0086132
157,C0020505
158,C0013491
159,C0023012
160,C0023015
161,C0973461
162,C0233565
163,C0039070
164,C0040822
165,C0234376
166,C0003578
167,C3714756
168,C0020796
169,C0018776
170,C0234133
171,C0234132
172,C0234378
173,C0042571
