normalized_herb,node_id,tcm_id,herb_name,match_status,reviewed
一枝黄花,,,,unmatched,False
丁公藤,656.0,U183,丁公藤,exact_normalized,False
丁香,658.0,U185,丁香,exact_normalized,False
七叶莲,,,,unmatched,False
万年青,,,,unmatched,False
三七,56.0,U669,三七,exact_normalized,False
三叶草,,,,unmatched,False
三棱,280.0,U668,三棱,exact_normalized,False
三白草,278.0,U664,三白草,exact_normalized,False
丝瓜,,,,unmatched,False
丝瓜络,356.0,U755,丝瓜络,exact_normalized,False
两头尖,,,,unmatched,False
丹参,588.0,U155,丹参,exact_normalized,False
乌头,378.0,U828,乌头,exact_normalized,False
乌梅,427.0,U826,乌梅,exact_normalized,False
乌梢蛇,,,,unmatched,False
乌药,430.0,U829,乌药,exact_normalized,False
九节菖蒲,,,,unmatched,False
九里香,61.0,U435,九里香,exact_normalized,False
九香虫,,,,unmatched,False
买麻藤,,,,unmatched,False
乳香,274.0,U661,乳香,exact_normalized,False
了哥王,108.0,U469,了哥王,exact_normalized,False
五倍子,423.0,U837,五倍子,exact_normalized,False
五加,,,,unmatched,False
五加皮,418.0,U838,五加皮,exact_normalized,False
五味子,195.0,U841,五味子,exact_normalized,False
五指毛桃,433.0,U845,五指毛桃,exact_normalized,False
五灵脂,426.0,U839,五灵脂,exact_normalized,False
亚麻子,495.0,U918,亚麻子,exact_normalized,False
人中白,265.0,U652,人中白,exact_normalized,False
人中黄,,,,unmatched,False
人参,263.0,U650,人参,exact_normalized,False
人参叶,,,,unmatched,False
人参芦,,,,unmatched,False
人工牛黄,,,,unmatched,False
仙茅,449.0,U862,仙茅,exact_normalized,False
仙鹤草,448.0,U861,仙鹤草,exact_normalized,False
代赭石,,,,unmatched,False
伸筋草,317.0,U711,伸筋草,exact_normalized,False
何首乌,567.0,U308,何首乌,exact_normalized,False
余甘子,538.0,U958,余甘子,exact_normalized,False
佛手,703.0,U234,佛手,exact_normalized,False
佛手花,,,,unmatched,False
佩兰,226.0,U610,佩兰,exact_normalized,False
使君子,331.0,U735,使君子,exact_normalized,False
侧柏叶,52.0,U93,侧柏叶,exact_normalized,False
僵蚕,733.0,U398,僵蚕,exact_normalized,False
儿茶,680.0,U207,儿茶,exact_normalized,False
党参,642.0,U164,党参,exact_normalized,False
全蝎,260.0,U648,全蝎,exact_normalized,False
八月札,,,,unmatched,False
八角枫,,,,unmatched,False
八角茴香,,,,unmatched,False
六月雪,,,,unmatched,False
关木通,,,,unmatched,False
关黄柏,,,,unmatched,False
冬瓜,,,,unmatched,False
冬瓜子,663.0,U190,冬瓜子,exact_normalized,False
冬瓜皮,662.0,U189,冬瓜皮,exact_normalized,False
冬葵,,,,unmatched,False
冬葵子,,,,unmatched,False
冬葵果,,,,unmatched,False
冬虫夏草,660.0,U188,冬虫夏草,exact_normalized,False
冰片,300.0,U77,冰片,exact_normalized,False
决明子,72.0,U447,决明子,exact_normalized,False
凌霄花,,,,unmatched,False
凤仙花,694.0,U231,凤仙花,exact_normalized,False
凤凰衣,,,,unmatched,False
凤尾草,693.0,U230,凤尾草,exact_normalized,False
凤眼草,,,,unmatched,False
刀豆,644.0,U165,刀豆,exact_normalized,False
列当,,,,unmatched,False
刘寄奴,116.0,U488,刘寄奴,exact_normalized,False
制何首乌,,,,unmatched,False
制川乌,,,,unmatched,False
制草乌,,,,unmatched,False
刺五加,623.0,U133,刺五加,exact_normalized,False
刺猬皮,622.0,U132,刺猬皮,exact_normalized,False
前胡,239.0,U628,前胡,exact_normalized,False
功劳木,,,,unmatched,False
化橘红,,,,unmatched,False
北沙参,179.0,U59,北沙参,exact_normalized,False
北豆根,153.0,U58,北豆根,exact_normalized,False
十大功劳,,,,unmatched,False
千年健,244.0,U625,千年健,exact_normalized,False
千里光,243.0,U624,千里光,exact_normalized,False
千金子,241.0,U623,千金子,exact_normalized,False
千金子霜,,,,unmatched,False
升麻,322.0,U713,升麻,exact_normalized,False
半夏,115.0,U54,半夏,exact_normalized,False
半枝莲,122.0,U55,半枝莲,exact_normalized,False
半边莲,82.0,U52,半边莲,exact_normalized,False
南五味子,,,,unmatched,False
南板蓝根,,,,unmatched,False
南沙参,207.0,U590,南沙参,exact_normalized,False
卷柏,70.0,U446,卷柏,exact_normalized,False
厚朴,609.0,U335,厚朴,exact_normalized,False
厚朴花,767.0,U336,厚朴花,exact_normalized,False
合欢皮,,,,unmatched,False
合欢花,159.0,U306,合欢花,exact_normalized,False
吉祥草,,,,unmatched,False
吴茱萸,434.0,U834,吴茱萸,exact_normalized,False
咖啡,,,,unmatched,False
哈蟆油,,,,unmatched,False
商陆,309.0,U698,商陆,exact_normalized,False
四季青,360.0,U758,四季青,exact_normalized,False
土木香,415.0,U814,土木香,exact_normalized,False
土茯苓,411.0,U810,土茯苓,exact_normalized,False
土贝母,406.0,U807,土贝母,exact_normalized,False
土鳖虫,407.0,U808,土鳖虫,exact_normalized,False
地枫皮,647.0,U171,地枫皮,exact_normalized,False
地榆,654.0,U180,地榆,exact_normalized,False
地肤子,648.0,U172,地肤子,exact_normalized,False
地锦草,650.0,U175,地锦草,exact_normalized,False
地骨皮,649.0,U173,地骨皮,exact_normalized,False
地龙,,,,unmatched,False
垂盆草,616.0,U127,垂盆草,exact_normalized,False
墨旱莲,191.0,U569,墨旱莲,exact_normalized,False
壁虎,,,,unmatched,False
夏枯草,446.0,U859,夏枯草,exact_normalized,False
夜交藤,,,,unmatched,False
夜明砂,,,,unmatched,False
大头陈,,,,unmatched,False
大戟,51.0,U142,大戟,exact_normalized,False
大枣,635.0,U150,大枣,exact_normalized,False
大腹皮,628.0,U140,大腹皮,exact_normalized,False
大蒜,632.0,U147,大蒜,exact_normalized,False
大蓟,629.0,U143,大蓟,exact_normalized,False
大血藤,633.0,U148,大血藤,exact_normalized,False
大豆,,,,unmatched,False
大青叶,107.0,U146,大青叶,exact_normalized,False
大风子,,,,unmatched,False
大麦,,,,unmatched,False
大黄,338.0,U141,大黄,exact_normalized,False
天仙子,,,,unmatched,False
天仙藤,,,,unmatched,False
天冬,386.0,U784,天冬,exact_normalized,False
天南星,323.0,U789,天南星,exact_normalized,False
天竺黄,394.0,U793,天竺黄,exact_normalized,False
天花粉,388.0,U785,天花粉,exact_normalized,False
天葵,,,,unmatched,False
天葵子,,,,unmatched,False
天门冬,,,,unmatched,False
天麻,390.0,U787,天麻,exact_normalized,False
太子参,374.0,U775,太子参,exact_normalized,False
女贞,,,,unmatched,False
女贞子,223.0,U606,女贞子,exact_normalized,False
委陵菜,422.0,U823,委陵菜,exact_normalized,False
姜黄,20.0,U396,姜黄,exact_normalized,False
威灵仙,112.0,U821,威灵仙,exact_normalized,False
安息香,530.0,U6,安息香,exact_normalized,False
密蒙花,182.0,U566,密蒙花,exact_normalized,False
寒水石,157.0,U304,寒水石,exact_normalized,False
寻骨风,492.0,U911,寻骨风,exact_normalized,False
射干,312.0,U709,射干,exact_normalized,False
小叶莲,,,,unmatched,False
小茴香,,,,unmatched,False
小蓟,471.0,U884,小蓟,exact_normalized,False
小麦,531.0,U885,小麦,exact_normalized,False
山慈菇,296.0,U684,山慈菇,exact_normalized,False
山柰,303.0,U691,山柰,exact_normalized,False
山楂,208.0,U694,山楂,exact_normalized,False
山楂叶,306.0,U696,山楂叶,exact_normalized,False
山羊角,,,,unmatched,False
山芝麻,,,,unmatched,False
山茱萸,62.0,U697,山茱萸,exact_normalized,False
山茶花,,,,unmatched,False
山药,304.0,U693,山药,exact_normalized,False
山豆根,297.0,U685,山豆根,exact_normalized,False
川乌,610.0,U119,川乌,exact_normalized,False
川木通,,,,unmatched,False
川木香,,,,unmatched,False
川楝子,606.0,U118,川楝子,exact_normalized,False
川芎,614.0,U120,川芎,exact_normalized,False
川贝母,,,,unmatched,False
巴戟天,615.0,U12,巴戟天,exact_normalized,False
巴豆,603.0,U10,巴豆,exact_normalized,False
巴豆霜,,,,unmatched,False
干姜,,,,unmatched,False
干漆,,,,unmatched,False
平贝母,,,,unmatched,False
广枣,,,,unmatched,False
广藿香,,,,unmatched,False
广金钱草,,,,unmatched,False
广防己,,,,unmatched,False
延胡索,503.0,U919,延胡索,exact_normalized,False
当归,641.0,U162,当归,exact_normalized,False
当药,643.0,U163,当药,exact_normalized,False
徐长卿,483.0,U898,徐长卿,exact_normalized,False
忍冬藤,261.0,U654,忍冬藤,exact_normalized,False
急性子,12.0,U391,急性子,exact_normalized,False
扁豆花,,,,unmatched,False
扁豆衣,,,,unmatched,False
拳参,259.0,U649,拳参,exact_normalized,False
接骨木,28.0,U404,接骨木,exact_normalized,False
救必应,57.0,U438,救必应,exact_normalized,False
斑蝥,,,,unmatched,False
断血流,,,,unmatched,False
旋覆花,485.0,U903,旋覆花,exact_normalized,False
昆布,86.0,U460,昆布,exact_normalized,False
明党参,190.0,U568,明党参,exact_normalized,False
景天三七,,,,unmatched,False
月季花,548.0,U971,月季花,exact_normalized,False
木棉,,,,unmatched,False
木瓜,200.0,U578,木瓜,exact_normalized,False
木耳,,,,unmatched,False
木蝴蝶,201.0,U579,木蝴蝶,exact_normalized,False
木贼,205.0,U585,木贼,exact_normalized,False
木通,203.0,U582,木通,exact_normalized,False
木香,204.0,U584,木香,exact_normalized,False
木鳖子,196.0,U575,木鳖子,exact_normalized,False
朱砂,580.0,U1004,朱砂,exact_normalized,False
朱砂七,,,,unmatched,False
朱砂根,,,,unmatched,False
朱砂莲,581.0,U1005,朱砂莲,exact_normalized,False
杏,,,,unmatched,False
杏仁,81.0,U892,杏仁,exact_normalized,False
杜仲,604.0,U201,杜仲,exact_normalized,False
杜仲叶,673.0,U202,杜仲叶,exact_normalized,False
杜鹃,,,,unmatched,False
杠板归,,,,unmatched,False
松塔,,,,unmatched,False
松节,362.0,U761,松节,exact_normalized,False
松花粉,,,,unmatched,False
松香,363.0,U762,松香,exact_normalized,False
板蓝根,96.0,U50,板蓝根,exact_normalized,False
枇杷,,,,unmatched,False
枇杷叶,229.0,U612,枇杷叶,exact_normalized,False
枫香脂,696.0,U224,枫香脂,exact_normalized,False
枳壳,565.0,U998,枳壳,exact_normalized,False
枳实,147.0,U999,枳实,exact_normalized,False
枸杞子,,,,unmatched,False
枸橘,,,,unmatched,False
枸骨叶,63.0,U267,枸骨叶,exact_normalized,False
柏子仁,76.0,U47,柏子仁,exact_normalized,False
柚,,,,unmatched,False
柠檬,,,,unmatched,False
柴胡,463.0,U95,柴胡,exact_normalized,False
柽柳,,,,unmatched,False
柿蒂,325.0,U736,柿蒂,exact_normalized,False
柿霜,,,,unmatched,False
栀子,307.0,U995,栀子,exact_normalized,False
核桃仁,,,,unmatched,False
桂枝,736.0,U286,桂枝,exact_normalized,False
桂皮,734.0,U284,桂皮,exact_normalized,False
桃,379.0,U777,桃,exact_normalized,False
桃仁,381.0,U779,桃仁,exact_normalized,False
桉油,,,,unmatched,False
桑,,,,unmatched,False
桑叶,291.0,U679,桑叶,exact_normalized,False
桑寄生,287.0,U676,桑寄生,exact_normalized,False
桑枝,292.0,U680,桑枝,exact_normalized,False
桑椹,290.0,U678,桑椹,exact_normalized,False
桑椹子,,,,unmatched,False
桑白皮,288.0,U674,桑白皮,exact_normalized,False
桑螵蛸,289.0,U677,桑螵蛸,exact_normalized,False
桔梗,27.0,U439,桔梗,exact_normalized,False
梅花,90.0,U560,梅花,exact_normalized,False
梨,,,,unmatched,False
棉花子,,,,unmatched,False
棕榈炭,,,,unmatched,False
椒目,,,,unmatched,False
椿皮,617.0,U129,椿皮,exact_normalized,False
楮实子,578.0,U116,楮实子,exact_normalized,False
榧,,,,unmatched,False
榧子,,,,unmatched,False
槐花,786.0,U359,槐花,exact_normalized,False
槐角,787.0,U360,槐角,exact_normalized,False
槟榔,149.0,U76,槟榔,exact_normalized,False
槲寄生,773.0,U346,槲寄生,exact_normalized,False
樟脑,556.0,U984,樟脑,exact_normalized,False
橄榄,710.0,U251,橄榄,exact_normalized,False
橄榄核,,,,unmatched,False
橘叶,,,,unmatched,False
橘核,64.0,U442,橘核,exact_normalized,False
橘红,65.0,U443,橘红,exact_normalized,False
橘络,,,,unmatched,False
檀香,376.0,U776,檀香,exact_normalized,False
款冬花,84.0,U459,款冬花,exact_normalized,False
母丁香,198.0,U570,母丁香,exact_normalized,False
毛冬青,172.0,U552,毛冬青,exact_normalized,False
毛茛,,,,unmatched,False
毛诃子,174.0,U553,毛诃子,exact_normalized,False
水杨梅,353.0,U753,水杨梅,exact_normalized,False
水牛角,350.0,U751,水牛角,exact_normalized,False
水红花子,,,,unmatched,False
水蛭,,,,unmatched,False
水飞蓟,347.0,U748,水飞蓟,exact_normalized,False
沉香,528.0,U104,沉香,exact_normalized,False
沙参,,,,unmatched,False
沙棘,,,,unmatched,False
沙苑子,294.0,U682,沙苑子,exact_normalized,False
没药,194.0,U558,没药,exact_normalized,False
法半夏,,,,unmatched,False
泽兰,355.0,U979,泽兰,exact_normalized,False
泽泻,,,,unmatched,False
泽漆,,,,unmatched,False
洋金花,510.0,U930,洋金花,exact_normalized,False
浙贝母,,,,unmatched,False
浮小麦,472.0,U241,浮小麦,exact_normalized,False
浮海石,,,,unmatched,False
浮萍,702.0,U240,浮萍,exact_normalized,False
海参,743.0,U294,海参,exact_normalized,False
海狗肾,,,,unmatched,False
海胆,,,,unmatched,False
海藻,744.0,U302,海藻,exact_normalized,False
海螵蛸,,,,unmatched,False
海金沙,742.0,U297,海金沙,exact_normalized,False
海风藤,741.0,U296,海风藤,exact_normalized,False
海龙,,,,unmatched,False
淡竹,,,,unmatched,False
淡竹叶,583.0,U161,淡竹叶,exact_normalized,False
淡豆豉,637.0,U160,淡豆豉,exact_normalized,False
淫羊藿,534.0,U952,淫羊藿,exact_normalized,False
滑石,,,,unmatched,False
滑石粉,,,,unmatched,False
满山红,164.0,U539,满山红,exact_normalized,False
漏芦,127.0,U503,漏芦,exact_normalized,False
火炭母,,,,unmatched,False
火麻仁,,,,unmatched,False
灯心草,601.0,U168,灯心草,exact_normalized,False
灯盏细辛,,,,unmatched,False
灵猫香,111.0,U483,灵猫香,exact_normalized,False
灵芝,114.0,U484,灵芝,exact_normalized,False
灶心土,,,,unmatched,False
炉甘石,,,,unmatched,False
炙甘草,,,,unmatched,False
炮姜,,,,unmatched,False
煅石膏,,,,unmatched,False
熊胆,480.0,U895,熊胆,exact_normalized,False
熟地黄,,,,unmatched,False
爵床,71.0,U448,爵床,exact_normalized,False
片姜黄,,,,unmatched,False
牛胆,,,,unmatched,False
牛膝,220.0,U602,牛膝,exact_normalized,False
牛蒡,,,,unmatched,False
牛蒡子,214.0,U594,牛蒡子,exact_normalized,False
牛黄,262.0,U597,牛黄,exact_normalized,False
牡丹,520.0,U571,牡丹,exact_normalized,False
牡丹皮,,,,unmatched,False
牡蛎,202.0,U574,牡蛎,exact_normalized,False
牵牛,,,,unmatched,False
牵牛子,245.0,U627,牵牛子,exact_normalized,False
犀角,,,,unmatched,False
狗宝,,,,unmatched,False
狗脊,720.0,U266,狗脊,exact_normalized,False
独一味,672.0,U199,独一味,exact_normalized,False
独活,602.0,U196,独活,exact_normalized,False
猕猴桃,181.0,U563,猕猴桃,exact_normalized,False
猪牙皂,582.0,U1012,猪牙皂,exact_normalized,False
猪胆汁,,,,unmatched,False
猪苓,579.0,U1010,猪苓,exact_normalized,False
猫爪草,189.0,U550,猫爪草,exact_normalized,False
猴枣,,,,unmatched,False
玄参,487.0,U901,玄参,exact_normalized,False
玄明粉,,,,unmatched,False
玉竹,544.0,U962,玉竹,exact_normalized,False
玉米须,541.0,U961,玉米须,exact_normalized,False
王不留行,421.0,U820,王不留行,exact_normalized,False
玫瑰花,178.0,U559,玫瑰花,exact_normalized,False
玳瑁,,,,unmatched,False
珍珠,560.0,U988,珍珠,exact_normalized,False
珍珠母,,,,unmatched,False
琥珀,442.0,U350,琥珀,exact_normalized,False
瓜蒌,725.0,U274,瓜蒌,exact_normalized,False
瓜蒌子,,,,unmatched,False
瓜蒌皮,726.0,U275,瓜蒌皮,exact_normalized,False
瓦松,,,,unmatched,False
瓦楞子,419.0,U818,瓦楞子,exact_normalized,False
甘松,713.0,U247,甘松,exact_normalized,False
甘草,180.0,U244,甘草,exact_normalized,False
甘遂,715.0,U248,甘遂,exact_normalized,False
甜瓜,,,,unmatched,False
甜瓜子,387.0,U795,甜瓜子,exact_normalized,False
生地黄,,,,unmatched,False
生姜,19.0,U716,生姜,exact_normalized,False
番泻叶,679.0,U211,番泻叶,exact_normalized,False
番石榴,678.0,U210,番石榴,exact_normalized,False
白前,795.0,U34,白前,exact_normalized,False
白及,730.0,U21,白及,exact_normalized,False
白头翁,29.0,U38,白头翁,exact_normalized,False
白屈菜,4.0,U35,白屈菜,exact_normalized,False
白扁豆,,,,unmatched,False
白术,73.0,U37,白术,exact_normalized,False
白果,698.0,U18,白果,exact_normalized,False
白果叶,,,,unmatched,False
白石英,,,,unmatched,False
白矾,,,,unmatched,False
白芍,16.0,U36,白芍,exact_normalized,False
白芥,,,,unmatched,False
白芥子,30.0,U24,白芥子,exact_normalized,False
白花蛇舌草,728.0,U20,白花蛇舌草,exact_normalized,False
白芷,66.0,U43,白芷,exact_normalized,False
白英,,,,unmatched,False
白茅根,770.0,U30,白茅根,exact_normalized,False
白蔹,760.0,U26,白蔹,exact_normalized,False
白薇,35.0,U39,白薇,exact_normalized,False
白豆蔻,,,,unmatched,False
白附子,321.0,U17,白附子,exact_normalized,False
白鲜皮,44.0,U40,白鲜皮,exact_normalized,False
百合,704.0,U45,百合,exact_normalized,False
百草霜,,,,unmatched,False
百部,466.0,U44,百部,exact_normalized,False
皂矾,,,,unmatched,False
皂荚,,,,unmatched,False
皂角刺,551.0,U977,皂角刺,exact_normalized,False
益智,,,,unmatched,False
益智仁,526.0,U944,益智仁,exact_normalized,False
益母草,,,,unmatched,False
盐肤木,500.0,U922,盐肤木,exact_normalized,False
瞿麦,258.0,U647,瞿麦,exact_normalized,False
知母,566.0,U994,知母,exact_normalized,False
矮地茶,697.0,U4,矮地茶,exact_normalized,False
石上柏,334.0,U733,石上柏,exact_normalized,False
石决明,330.0,U728,石决明,exact_normalized,False
石吊兰,327.0,U723,石吊兰,exact_normalized,False
石斛,329.0,U726,石斛,exact_normalized,False
石榴,332.0,U730,石榴,exact_normalized,False
石榴皮,,,,unmatched,False
石膏,,,,unmatched,False
石莲子,,,,unmatched,False
石菖蒲,324.0,U721,石菖蒲,exact_normalized,False
石见穿,,,,unmatched,False
石韦,335.0,U734,石韦,exact_normalized,False
砂仁,293.0,U683,砂仁,exact_normalized,False
砒石,,,,unmatched,False
硫黄,,,,unmatched,False
硼砂,,,,unmatched,False
磁石,,,,unmatched,False
神曲,,,,unmatched,False
禹余粮,,,,unmatched,False
秦皮,250.0,U636,秦皮,exact_normalized,False
秦艽,251.0,U635,秦艽,exact_normalized,False
秫米,,,,unmatched,False
积雪草,13.0,U390,积雪草,exact_normalized,False
稻芽,,,,unmatched,False
穿山甲,,,,unmatched,False
穿山龙,607.0,U124,穿山龙,exact_normalized,False
穿心莲,611.0,U125,穿心莲,exact_normalized,False
穿破石,608.0,U122,穿破石,exact_normalized,False
竹叶,655.0,U1019,竹叶,exact_normalized,False
竹沥,,,,unmatched,False
竹茹,,,,unmatched,False
糙苏,,,,unmatched,False
糯稻根,,,,unmatched,False
紫檀,592.0,U1032,紫檀,exact_normalized,False
紫河车,589.0,U1026,紫河车,exact_normalized,False
紫珠,,,,unmatched,False
紫石英,,,,unmatched,False
紫花地丁,,,,unmatched,False
紫苏叶,591.0,U1031,紫苏叶,exact_normalized,False
紫苏子,,,,unmatched,False
紫苏梗,365.0,U1030,紫苏梗,exact_normalized,False
紫草,477.0,U1025,紫草,exact_normalized,False
紫草茸,,,,unmatched,False
紫菀,185.0,U1033,紫菀,exact_normalized,False
紫金龙,,,,unmatched,False
红参,764.0,U321,红参,exact_normalized,False
红大戟,,,,unmatched,False
红景天,318.0,U327,红景天,exact_normalized,False
红木香,,,,unmatched,False
红粉,,,,unmatched,False
红花,348.0,U325,红花,exact_normalized,False
红豆蔻,,,,unmatched,False
细辛,211.0,U858,细辛,exact_normalized,False
络石藤,141.0,U522,络石藤,exact_normalized,False
续断,605.0,U899,续断,exact_normalized,False
绵马贯众,,,,unmatched,False
绿萼梅,,,,unmatched,False
绿豆,145.0,U524,绿豆,exact_normalized,False
缬草,85.0,U889,缬草,exact_normalized,False
罂粟,537.0,U953,罂粟,exact_normalized,False
罂粟壳,183.0,U954,罂粟壳,exact_normalized,False
罗勒,,,,unmatched,False
罗布麻叶,140.0,U519,罗布麻叶,exact_normalized,False
罗汉松,,,,unmatched,False
罗汉果,,,,unmatched,False
羊蹄,,,,unmatched,False
羌活,247.0,U631,羌活,exact_normalized,False
羚羊角,113.0,U486,羚羊角,exact_normalized,False
翻白草,677.0,U212,翻白草,exact_normalized,False
老鹳草,93.0,U467,老鹳草,exact_normalized,False
耳草,676.0,U208,耳草,exact_normalized,False
肉桂,271.0,U659,肉桂,exact_normalized,False
肉苁蓉,269.0,U657,肉苁蓉,exact_normalized,False
肉豆蔻,270.0,U658,肉豆蔻,exact_normalized,False
肿节风,,,,unmatched,False
胆南星,640.0,U158,胆南星,exact_normalized,False
胆矾,,,,unmatched,False
胖大海,,,,unmatched,False
胡椒,707.0,U339,胡椒,exact_normalized,False
胡芦巴,502.0,U340,胡芦巴,exact_normalized,False
胡颓子,,,,unmatched,False
胡黄连,772.0,U338,胡黄连,exact_normalized,False
脐带,,,,unmatched,False
臭梧桐,586.0,U115,臭梧桐,exact_normalized,False
臭牡丹,574.0,U114,臭牡丹,exact_normalized,False
艾叶,0.0,U5,艾叶,exact_normalized,False
芍药,746.0,U699,芍药,exact_normalized,False
芒果,,,,unmatched,False
芒硝,170.0,U548,芒硝,exact_normalized,False
芙蓉叶,,,,unmatched,False
芙蓉花,,,,unmatched,False
芜荑,,,,unmatched,False
芜菁,,,,unmatched,False
芡实,246.0,U629,芡实,exact_normalized,False
芥子,,,,unmatched,False
芦根,130.0,U504,芦根,exact_normalized,False
芦荟,131.0,U505,芦荟,exact_normalized,False
芫花,504.0,U968,芫花,exact_normalized,False
芫荽,,,,unmatched,False
花椒,781.0,U351,花椒,exact_normalized,False
花蕊石,782.0,U352,花蕊石,exact_normalized,False
苍术,396.0,U87,苍术,exact_normalized,False
苍耳,,,,unmatched,False
苍耳子,375.0,U86,苍耳子,exact_normalized,False
苎麻根,,,,unmatched,False
苏合香,367.0,U765,苏合香,exact_normalized,False
苏木,368.0,U766,苏木,exact_normalized,False
苘麻,,,,unmatched,False
苦参,80.0,U451,苦参,exact_normalized,False
苦地丁,,,,unmatched,False
苦木,79.0,U456,苦木,exact_normalized,False
苦杏仁,,,,unmatched,False
苦楝皮,77.0,U454,苦楝皮,exact_normalized,False
苦瓜,,,,unmatched,False
茜草,435.0,U630,茜草,exact_normalized,False
茯苓,686.0,U236,茯苓,exact_normalized,False
茴香,1.0,U380,茴香,exact_normalized,False
茵陈,305.0,U948,茵陈,exact_normalized,False
茵陈蒿,,,,unmatched,False
茶叶,450.0,U94,茶叶,exact_normalized,False
茺蔚子,,,,unmatched,False
荆芥,53.0,U430,荆芥,exact_normalized,False
草乌,436.0,U91,草乌,exact_normalized,False
草乌叶,,,,unmatched,False
草果,,,,unmatched,False
草莓,,,,unmatched,False
草豆蔻,414.0,U89,草豆蔻,exact_normalized,False
荔枝核,98.0,U474,荔枝核,exact_normalized,False
荔枝草,,,,unmatched,False
荜澄茄,225.0,U63,荜澄茄,exact_normalized,False
荜茇,218.0,U62,荜茇,exact_normalized,False
荞麦,248.0,U633,荞麦,exact_normalized,False
荷叶,751.0,U311,荷叶,exact_normalized,False
荸荠,,,,unmatched,False
莨菪,,,,unmatched,False
莪术,227.0,U205,莪术,exact_normalized,False
莱菔子,91.0,U463,莱菔子,exact_normalized,False
莲子,102.0,U479,莲子,exact_normalized,False
莲子心,103.0,U480,莲子心,exact_normalized,False
莲房,99.0,U477,莲房,exact_normalized,False
莲须,,,,unmatched,False
莴苣,,,,unmatched,False
菊花,68.0,U440,菊花,exact_normalized,False
菝葜,34.0,U13,菝葜,exact_normalized,False
菟丝子,417.0,U817,菟丝子,exact_normalized,False
菠菜,,,,unmatched,False
萝卜,,,,unmatched,False
落新妇,142.0,U523,落新妇,exact_normalized,False
葛根,708.0,U262,葛根,exact_normalized,False
葡萄,,,,unmatched,False
葫芦,,,,unmatched,False
葫芦茶,774.0,U343,葫芦茶,exact_normalized,False
葱白,624.0,U135,葱白,exact_normalized,False
葶苈子,184.0,U802,葶苈子,exact_normalized,False
蒲公英,232.0,U613,蒲公英,exact_normalized,False
蒲黄,233.0,U614,蒲黄,exact_normalized,False
蒺藜,9.0,U393,蒺藜,exact_normalized,False
蓖麻,,,,unmatched,False
蓖麻子,237.0,U66,蓖麻子,exact_normalized,False
蓼大青叶,,,,unmatched,False
蓼蓝,,,,unmatched,False
蔓荆子,162.0,U544,蔓荆子,exact_normalized,False
蕤仁,275.0,U662,蕤仁,exact_normalized,False
蕲蛇,,,,unmatched,False
薄荷,316.0,U56,薄荷,exact_normalized,False
薏苡仁,525.0,U945,薏苡仁,exact_normalized,False
薤白,474.0,U890,薤白,exact_normalized,False
藁本,476.0,U260,藁本,exact_normalized,False
藏菖蒲,,,,unmatched,False
藕节,,,,unmatched,False
藜,,,,unmatched,False
藜芦,97.0,U473,藜芦,exact_normalized,False
藤黄,383.0,U781,藤黄,exact_normalized,False
藿香,3.0,U382,藿香,exact_normalized,False
蘑菇,,,,unmatched,False
虎杖,780.0,U349,虎杖,exact_normalized,False
虎耳草,771.0,U348,虎耳草,exact_normalized,False
虎骨,,,,unmatched,False
虫白蜡,564.0,U112,虫白蜡,exact_normalized,False
虻虫,,,,unmatched,False
蚕砂,354.0,U83,蚕砂,exact_normalized,False
蚕豆,,,,unmatched,False
蚕豆花,,,,unmatched,False
蛇床子,310.0,U700,蛇床子,exact_normalized,False
蛇莓,,,,unmatched,False
蛇蜕,,,,unmatched,False
蛤壳,706.0,U293,蛤壳,exact_normalized,False
蛤蚧,705.0,U292,蛤蚧,exact_normalized,False
蜂房,688.0,U225,蜂房,exact_normalized,False
蜂蜜,689.0,U228,蜂蜜,exact_normalized,False
蜂蜡,,,,unmatched,False
蜈蚣,,,,unmatched,False
蜗牛,,,,unmatched,False
蜘蛛,,,,unmatched,False
蝉蜕,,,,unmatched,False
蝮蛇,,,,unmatched,False
蝼蛄,,,,unmatched,False
蟾酥,,,,unmatched,False
血余炭,,,,unmatched,False
血竭,,,,unmatched,False
补骨脂,231.0,U79,补骨脂,exact_normalized,False
西河柳,440.0,U849,西河柳,exact_normalized,False
西洋参,445.0,U852,西洋参,exact_normalized,False
西瓜,438.0,U846,西瓜,exact_normalized,False
西瓜皮,,,,unmatched,False
西瓜霜,,,,unmatched,False
西红花,441.0,U850,西红花,exact_normalized,False
覆盆子,701.0,U243,覆盆子,exact_normalized,False
诃子,752.0,U305,诃子,exact_normalized,False
谷精草,722.0,U269,谷精草,exact_normalized,False
谷芽,,,,unmatched,False
豆蔻,668.0,U195,豆蔻,exact_normalized,False
豌豆,,,,unmatched,False
象皮,458.0,U877,象皮,exact_normalized,False
豹骨,,,,unmatched,False
败酱,,,,unmatched,False
贯众,188.0,U279,贯众,exact_normalized,False
赤小豆,543.0,U110,赤小豆,exact_normalized,False
赤石脂,,,,unmatched,False
赤芍,554.0,U108,赤芍,exact_normalized,False
赭石,,,,unmatched,False
路路通,135.0,U516,路路通,exact_normalized,False
车前,,,,unmatched,False
车前子,468.0,U103,车前子,exact_normalized,False
车前草,507.0,U102,车前草,exact_normalized,False
轻粉,,,,unmatched,False
辛夷,478.0,U891,辛夷,exact_normalized,False
辣椒,88.0,U462,辣椒,exact_normalized,False
远志,547.0,U970,远志,exact_normalized,False
连翘,101.0,U476,连翘,exact_normalized,False
透骨草,404.0,U805,透骨草,exact_normalized,False
通草,402.0,U803,通草,exact_normalized,False
郁李,,,,unmatched,False
郁李仁,540.0,U964,郁李仁,exact_normalized,False
郁金,539.0,U963,郁金,exact_normalized,False
酸枣仁,372.0,U772,酸枣仁,exact_normalized,False
重楼,570.0,U1002,重楼,exact_normalized,False
野菊花,,,,unmatched,False
野马追,518.0,U934,野马追,exact_normalized,False
金果榄,37.0,U410,金果榄,exact_normalized,False
金樱子,50.0,U425,金樱子,exact_normalized,False
金沸草,32.0,U408,金沸草,exact_normalized,False
金礞石,,,,unmatched,False
金荞麦,41.0,U417,金荞麦,exact_normalized,False
金莲花,38.0,U412,金莲花,exact_normalized,False
金钱白花蛇,,,,unmatched,False
金钱草,40.0,U416,金钱草,exact_normalized,False
金银花,49.0,U423,金银花,exact_normalized,False
金锦香,,,,unmatched,False
钟乳石,,,,unmatched,False
钩藤,721.0,U265,钩藤,exact_normalized,False
铁包金,,,,unmatched,False
铅丹,,,,unmatched,False
银柴胡,529.0,U950,银柴胡,exact_normalized,False
银耳,,,,unmatched,False
锁阳,373.0,U774,锁阳,exact_normalized,False
锦灯笼,,,,unmatched,False
闹羊花,212.0,U592,闹羊花,exact_normalized,False
防己,684.0,U216,防己,exact_normalized,False
防风,681.0,U214,防风,exact_normalized,False
阳起石,,,,unmatched,False
阿胶,,,,unmatched,False
阿魏,638.0,U3,阿魏,exact_normalized,False
附子,320.0,U242,附子,exact_normalized,False
陈皮,67.0,U106,陈皮,exact_normalized,False
降香,23.0,U399,降香,exact_normalized,False
雄黄,,,,unmatched,False
雪胆,,,,unmatched,False
零陵香,110.0,U487,零陵香,exact_normalized,False
雷丸,,,,unmatched,False
青叶胆,257.0,U644,青叶胆,exact_normalized,False
青木香,,,,unmatched,False
青皮,256.0,U642,青皮,exact_normalized,False
青礞石,,,,unmatched,False
青葙,,,,unmatched,False
青葙子,,,,unmatched,False
青蒿,254.0,U640,青蒿,exact_normalized,False
青风藤,253.0,U638,青风藤,exact_normalized,False
青黛,252.0,U637,青黛,exact_normalized,False
韭子,,,,unmatched,False
韭菜,58.0,U437,韭菜,exact_normalized,False
韭菜子,,,,unmatched,False
预知子,,,,unmatched,False
饴糖,524.0,U942,饴糖,exact_normalized,False
首乌藤,,,,unmatched,False
香加皮,455.0,U871,香加皮,exact_normalized,False
香橼,464.0,U875,香橼,exact_normalized,False
香茅,457.0,U872,香茅,exact_normalized,False
香薷,460.0,U874,香薷,exact_normalized,False
香附,453.0,U869,香附,exact_normalized,False
马兜铃,151.0,U533,马兜铃,exact_normalized,False
马勃,,,,unmatched,False
马宝,,,,unmatched,False
马蔺子,,,,unmatched,False
马钱,,,,unmatched,False
马钱子,155.0,U534,马钱子,exact_normalized,False
马鞭草,148.0,U530,马鞭草,exact_normalized,False
马齿苋,150.0,U532,马齿苋,exact_normalized,False
骨碎补,723.0,U271,骨碎补,exact_normalized,False
高良姜,104.0,U258,高良姜,exact_normalized,False
鬼箭羽,732.0,U282,鬼箭羽,exact_normalized,False
鬼针草,,,,unmatched,False
鱼腥草,542.0,U959,鱼腥草,exact_normalized,False
鲜地黄,,,,unmatched,False
鳖甲,284.0,U75,鳖甲,exact_normalized,False
鳖甲胶,,,,unmatched,False
鸡内金,,,,unmatched,False
鸡冠花,8.0,U384,鸡冠花,exact_normalized,False
鸡子,,,,unmatched,False
鸡子黄,,,,unmatched,False
鸡眼草,15.0,U388,鸡眼草,exact_normalized,False
鸡矢藤,10.0,U386,鸡矢藤,exact_normalized,False
鸡血藤,14.0,U387,鸡血藤,exact_normalized,False
鸡骨草,7.0,U383,鸡骨草,exact_normalized,False
鸦胆子,493.0,U912,鸦胆子,exact_normalized,False
鸭跖草,497.0,U914,鸭跖草,exact_normalized,False
鹅不食草,674.0,U206,鹅不食草,exact_normalized,False
鹤虱,749.0,U313,鹤虱,exact_normalized,False
鹿茸,136.0,U511,鹿茸,exact_normalized,False
鹿茸草,,,,unmatched,False
鹿衔草,137.0,U513,鹿衔草,exact_normalized,False
鹿角,132.0,U508,鹿角,exact_normalized,False
鹿角胶,133.0,U509,鹿角胶,exact_normalized,False
鹿角霜,134.0,U510,鹿角霜,exact_normalized,False
麝香,177.0,U710,麝香,exact_normalized,False
麦冬,158.0,U537,麦冬,exact_normalized,False
麦芽,160.0,U538,麦芽,exact_normalized,False
麦门冬,,,,unmatched,False
麻黄,152.0,U527,麻黄,exact_normalized,False
麻黄根,154.0,U528,麻黄根,exact_normalized,False
黄柏,501.0,U363,黄柏,exact_normalized,False
黄瓜,,,,unmatched,False
黄皮,,,,unmatched,False
黄精,59.0,U370,黄精,exact_normalized,False
黄芩,443.0,U375,黄芩,exact_normalized,False
黄芪,797.0,U374,黄芪,exact_normalized,False
黄药子,,,,unmatched,False
黄藤,,,,unmatched,False
黄连,21.0,U372,黄连,exact_normalized,False
黑大豆,,,,unmatched,False
黑种草子,,,,unmatched,False
黑芝麻,757.0,U319,黑芝麻,exact_normalized,False
鼠妇,,,,unmatched,False
鼠曲草,343.0,U744,鼠曲草,exact_normalized,False
龙眼,,,,unmatched,False
龙眼肉,126.0,U502,龙眼肉,exact_normalized,False
龙胆,121.0,U496,龙胆,exact_normalized,False
龙葵,124.0,U498,龙葵,exact_normalized,False
龙须藤,,,,unmatched,False
龙骨,123.0,U497,龙骨,exact_normalized,False
龙齿,120.0,U495,龙齿,exact_normalized,False
龟甲,731.0,U280,龟甲,exact_normalized,False
龟甲胶,,,,unmatched,False
