ptm_symptom_name,umls_cui,umls_preferred_name,match_type,reviewed
上吐下泻,,,unreviewed,False
下肢浮肿,,,unreviewed,False
不孕,,,unreviewed,False
不寐,,,unreviewed,False
不思饮食,,,unreviewed,False
丹毒,,,unreviewed,False
久不收口,,,unreviewed,False
久泻不止,,,unreviewed,False
乏力,,,unreviewed,False
乳房胀痛,,,unreviewed,False
二便不利,,,unreviewed,False
二便不通,,,unreviewed,False
五心烦热,,,unreviewed,False
五更泄泻,,,unreviewed,False
产后恶露不下,,,unreviewed,False
产后眩晕,,,unreviewed,False
产后腹痛,,,unreviewed,False
低热,,,unreviewed,False
体倦乏力,,,unreviewed,False
便溏,,,unreviewed,False
便溏泄泻,,,unreviewed,False
便燥结,,,unreviewed,False
便秘,,,unreviewed,False
便血,,,unreviewed,False
倦怠,,,unreviewed,False
倦怠乏力,,,unreviewed,False
倦怠嗜卧,,,unreviewed,False
倦怠食少,,,unreviewed,False
偏头痛,,,unreviewed,False
偏瘫,,,unreviewed,False
健忘,,,unreviewed,False
健忘失眠,,,unreviewed,False
关节疼痛,,,unreviewed,False
关节红肿,,,unreviewed,False
关节肿痛,,,unreviewed,False
出血,,,unreviewed,False
出血不止。,,,unreviewed,False
初起,,,unreviewed,False
刺痛,,,unreviewed,False
劳嗽咯血,,,unreviewed,False
半身不遂,,,unreviewed,False
反胃,,,unreviewed,False
发热,,,unreviewed,False
发热头痛,,,unreviewed,False
发狂,,,unreviewed,False
发黄,,,unreviewed,False
口噤,,,unreviewed,False
口干,,,unreviewed,False
口渴,,,unreviewed,False
口渴咽干,,,unreviewed,False
口燥,,,unreviewed,False
口燥咽干,,,unreviewed,False
口臭,,,unreviewed,False
口舌生疮,,,unreviewed,False
口苦,,,unreviewed,False
吐血,,,unreviewed,False
吐血、衄血,,,unreviewed,False
吐血衄血,,,unreviewed,False
吞酸,,,unreviewed,False
呃逆,,,unreviewed,False
呕吐,,,unreviewed,False
呕吐不食,,,unreviewed,False
呕恶,,,unreviewed,False
呕血,,,unreviewed,False
咯痰不爽,,,unreviewed,False
咳嗽,,,unreviewed,False
咳嗽气喘,,,unreviewed,False
咳嗽痰多,,,unreviewed,False
咳嗽胸痛,,,unreviewed,False
咳痰,,,unreviewed,False
咳痰不爽,,,unreviewed,False
咳血,,,unreviewed,False
咽喉干痛,,,unreviewed,False
咽喉痛,,,unreviewed,False
咽喉肿痛,,,unreviewed,False
咽干,,,unreviewed,False
咽痛,,,unreviewed,False
咽肿,,,unreviewed,False
善忘,,,unreviewed,False
喉痒,,,unreviewed,False
喘促,,,unreviewed,False
喘逆,,,unreviewed,False
喷嚏,,,unreviewed,False
嗜卧,,,unreviewed,False
嗳气,,,unreviewed,False
嘈杂,,,unreviewed,False
噎膈,,,unreviewed,False
四肢,,,unreviewed,False
四肢乏力,,,unreviewed,False
四肢厥冷,,,unreviewed,False
四肢挛急,,,unreviewed,False
四肢浮肿,,,unreviewed,False
四肢疼痛,,,unreviewed,False
四肢麻木,,,unreviewed,False
壮热,,,unreviewed,False
壮热不退,,,unreviewed,False
壮热烦渴,,,unreviewed,False
声音嘶哑,,,unreviewed,False
夏季热,,,unreviewed,False
多唾,,,unreviewed,False
多梦,,,unreviewed,False
多汗,,,unreviewed,False
多泪,,,unreviewed,False
夜卧不安,,,unreviewed,False
夜寐不安,,,unreviewed,False
夜盲,,,unreviewed,False
大便,,,unreviewed,False
大便下血,,,unreviewed,False
大便不爽,,,unreviewed,False
大便不通,,,unreviewed,False
大便泄泻,,,unreviewed,False
大便溏,,,unreviewed,False
大便溏泻,,,unreviewed,False
大便溏薄,,,unreviewed,False
大便燥,,,unreviewed,False
大便燥结,,,unreviewed,False
大便秘,,,unreviewed,False
大便秘结,,,unreviewed,False
大便脓血,,,unreviewed,False
天疱疮,,,unreviewed,False
失眠,,,unreviewed,False
失眠健忘,,,unreviewed,False
失眠多梦,,,unreviewed,False
头昏,,,unreviewed,False
头昏头痛,,,unreviewed,False
头昏目眩,,,unreviewed,False
头晕,,,unreviewed,False
头晕头痛,,,unreviewed,False
头晕目昏,,,unreviewed,False
头晕目眩,,,unreviewed,False
头晕眼花,,,unreviewed,False
头晕耳鸣,,,unreviewed,False
头晕胀痛,,,unreviewed,False
头汗,,,unreviewed,False
头疼,,,unreviewed,False
头痛,,,unreviewed,False
头痛无汗,,,unreviewed,False
头痛目眩,,,unreviewed,False
头痛目赤,,,unreviewed,False
头痛眩晕,,,unreviewed,False
头痛身疼,,,unreviewed,False
头痛身痛,,,unreviewed,False
头痛鼻塞,,,unreviewed,False
头眩,,,unreviewed,False
头胀,,,unreviewed,False
头胀痛,,,unreviewed,False
头身疼痛,,,unreviewed,False
头身重,,,unreviewed,False
头重,,,unreviewed,False
头项强痛,,,unreviewed,False
妇人阴冷,,,unreviewed,False
妇女月经不调,,,unreviewed,False
妊娠呕吐,,,unreviewed,False
寒热,,,unreviewed,False
寒热往来,,,unreviewed,False
小便,,,unreviewed,False
小便不利,,,unreviewed,False
小便不通,,,unreviewed,False
小便余沥,,,unreviewed,False
小便失禁,,,unreviewed,False
小便浑浊,,,unreviewed,False
小便涩痛,,,unreviewed,False
小便清长,,,unreviewed,False
小便短少,,,unreviewed,False
小便短赤,,,unreviewed,False
小便赤,,,unreviewed,False
小便赤涩,,,unreviewed,False
小便频数,,,unreviewed,False
小便黄赤,,,unreviewed,False
小儿丹毒,,,unreviewed,False
小儿发热,,,unreviewed,False
小儿痞块,,,unreviewed,False
小儿遗尿,,,unreviewed,False
小腹冷,,,unreviewed,False
小腹冷痛,,,unreviewed,False
少气,,,unreviewed,False
少腹冷痛,,,unreviewed,False
尿后余沥,,,unreviewed,False
尿少,,,unreviewed,False
尿有余沥,,,unreviewed,False
尿痛,,,unreviewed,False
尿血,,,unreviewed,False
尿赤,,,unreviewed,False
尿频,,,unreviewed,False
屈伸不利,,,unreviewed,False
崩中,,,unreviewed,False
崩漏,,,unreviewed,False
带下量多,,,unreviewed,False
带状疱疹,,,unreviewed,False
干呕,,,unreviewed,False
干咳少痰,,,unreviewed,False
干咳无痰,,,unreviewed,False
心下痞,,,unreviewed,False
心中烦热,,,unreviewed,False
心悸,,,unreviewed,False
心悸不安,,,unreviewed,False
心悸健忘,,,unreviewed,False
心悸失眠,,,unreviewed,False
心悸怔忡,,,unreviewed,False
心悸气短,,,unreviewed,False
心烦,,,unreviewed,False
心烦不寐,,,unreviewed,False
心烦不得眠,,,unreviewed,False
心烦不眠,,,unreviewed,False
心烦口渴,,,unreviewed,False
心烦失眠,,,unreviewed,False
心神不宁,,,unreviewed,False
怔忡,,,unreviewed,False
急惊,,,unreviewed,False
恶寒,,,unreviewed,False
恶寒发热,,,unreviewed,False
恶心,,,unreviewed,False
恶心呕吐,,,unreviewed,False
恶露不下,,,unreviewed,False
恶风,,,unreviewed,False
慢惊,,,unreviewed,False
憋气,,,unreviewed,False
或消谷善饥,,,unreviewed,False
手足麻木,,,unreviewed,False
抽搐,,,unreviewed,False
无名肿毒,,,unreviewed,False
无汗,,,unreviewed,False
日晡潮热,,,unreviewed,False
昏迷,,,unreviewed,False
易惊,,,unreviewed,False
月经不调,,,unreviewed,False
月经过多,,,unreviewed,False
杨梅疮,,,unreviewed,False
梦遗滑精,,,unreviewed,False
气喘,,,unreviewed,False
气短,,,unreviewed,False
气短自汗,,,unreviewed,False
气血不足,,,unreviewed,False
水肿,,,unreviewed,False
汗出,,,unreviewed,False
汗出恶风,,,unreviewed,False
流泪,,,unreviewed,False
流涕,,,unreviewed,False
浮肿,,,unreviewed,False
消化不良,,,unreviewed,False
消瘦,,,unreviewed,False
消谷善饥,,,unreviewed,False
湿疮,,,unreviewed,False
漏下,,,unreviewed,False
潮热,,,unreviewed,False
潮热盗汗,,,unreviewed,False
烦渴,,,unreviewed,False
烦热,,,unreviewed,False
烦热口渴,,,unreviewed,False
烦躁,,,unreviewed,False
烦躁不安,,,unreviewed,False
烦躁胸闷,,,unreviewed,False
牙痛,,,unreviewed,False
牙齿松动,,,unreviewed,False
牙龈出血,,,unreviewed,False
牙龈肿痛,,,unreviewed,False
畏寒,,,unreviewed,False
畏寒肢冷,,,unreviewed,False
疔疮痈肿,,,unreviewed,False
疲乏,,,unreviewed,False
疳积,,,unreviewed,False
疼痛,,,unreviewed,False
痄腮,,,unreviewed,False
痫,,,unreviewed,False
痰中带血,,,unreviewed,False
痰多,,,unreviewed,False
痰涎壅盛,,,unreviewed,False
痰黄稠,,,unreviewed,False
痱子,,,unreviewed,False
痴呆,,,unreviewed,False
瘙痒,,,unreviewed,False
瘫痪,,,unreviewed,False
瘰疬,,,unreviewed,False
白带,,,unreviewed,False
皮肤干燥,,,unreviewed,False
皮肤瘙痒,,,unreviewed,False
皮肤皲裂,,,unreviewed,False
皮肤糜烂,,,unreviewed,False
盗汗,,,unreviewed,False
目昏,,,unreviewed,False
目涩,,,unreviewed,False
目痒,,,unreviewed,False
目眩,,,unreviewed,False
目花,,,unreviewed,False
目赤,,,unreviewed,False
眩晕,,,unreviewed,False
眩晕头痛,,,unreviewed,False
眩晕耳鸣,,,unreviewed,False
眼花,,,unreviewed,False
瞳神缩小,,,unreviewed,False
短气,,,unreviewed,False
神昏,,,unreviewed,False
神昏谵语,,,unreviewed,False
神疲,,,unreviewed,False
神疲乏力,,,unreviewed,False
积滞,,,unreviewed,False
筋脉拘挛,,,unreviewed,False
筋脉挛痛,,,unreviewed,False
筋骨痿软,,,unreviewed,False
粉刺,,,unreviewed,False
精神恍惚,,,unreviewed,False
糜烂,,,unreviewed,False
红肿热痛,,,unreviewed,False
纳,,,unreviewed,False
纳呆,,,unreviewed,False
纳少,,,unreviewed,False
经期延长,,,unreviewed,False
经行腹痛,,,unreviewed,False
耳后,,,unreviewed,False
耳聋,,,unreviewed,False
耳聋耳鸣,,,unreviewed,False
耳鸣,,,unreviewed,False
耳鸣健忘,,,unreviewed,False
耳鸣耳聋,,,unreviewed,False
肌肤不仁,,,unreviewed,False
肛裂,,,unreviewed,False
肠鸣,,,unreviewed,False
肠鸣腹泻,,,unreviewed,False
肢体疼痛,,,unreviewed,False
肢体麻木,,,unreviewed,False
肢冷,,,unreviewed,False
肢节疼痛,,,unreviewed,False
肥胖,,,unreviewed,False
肩痛,,,unreviewed,False
肿胀,,,unreviewed,False
胁痛,,,unreviewed,False
胁肋疼痛,,,unreviewed,False
胁肋胀痛,,,unreviewed,False
胁胀,,,unreviewed,False
胃痛,,,unreviewed,False
胃脘痞满,,,unreviewed,False
胃脘胀满,,,unreviewed,False
胃脘胀痛,,,unreviewed,False
背痛,,,unreviewed,False
胎位不正,,,unreviewed,False
胎动不安,,,unreviewed,False
胎毒,,,unreviewed,False
胎水肿满,,,unreviewed,False
胎漏,,,unreviewed,False
胞衣不下,,,unreviewed,False
胬肉攀睛,,,unreviewed,False
胸中烦热,,,unreviewed,False
胸满,,,unreviewed,False
胸痛,,,unreviewed,False
胸胁刺痛,,,unreviewed,False
胸胁满闷,,,unreviewed,False
胸胁疼痛,,,unreviewed,False
胸胁胀满,,,unreviewed,False
胸胁胀痛,,,unreviewed,False
胸胁胀闷,,,unreviewed,False
胸胁苦满,,,unreviewed,False
胸脘痞满,,,unreviewed,False
胸脘痞闷,,,unreviewed,False
胸脘胀满,,,unreviewed,False
胸脘胀闷,,,unreviewed,False
胸腹满闷,,,unreviewed,False
胸腹胀满,,,unreviewed,False
胸腹胀闷,,,unreviewed,False
胸膈满闷,,,unreviewed,False
胸膈胀满,,,unreviewed,False
胸闷,,,unreviewed,False
胸闷不舒,,,unreviewed,False
胸闷呕恶,,,unreviewed,False
胸闷憋气,,,unreviewed,False
胸闷胁痛,,,unreviewed,False
胸闷腹胀,,,unreviewed,False
脉结代,,,unreviewed,False
脏躁,,,unreviewed,False
脓水淋漓,,,unreviewed,False
脘腹冷痛,,,unreviewed,False
脘腹痞满,,,unreviewed,False
脘腹胀满,,,unreviewed,False
脘腹胀痛,,,unreviewed,False
脘腹胀闷,,,unreviewed,False
脱发,,,unreviewed,False
脱肛,,,unreviewed,False
腰痛,,,unreviewed,False
腰背,,,unreviewed,False
腰膝冷痛,,,unreviewed,False
腰膝无力,,,unreviewed,False
腰膝酸软,,,unreviewed,False
腰重,,,unreviewed,False
腹中冷痛,,,unreviewed,False
腹中痞块,,,unreviewed,False
腹冷,,,unreviewed,False
腹泻,,,unreviewed,False
腹满,,,unreviewed,False
腹痛,,,unreviewed,False
腹痛泄泻,,,unreviewed,False
腹胀,,,unreviewed,False
腹胀便秘,,,unreviewed,False
腿肿痛,,,unreviewed,False
膝软,,,unreviewed,False
臁疮,,,unreviewed,False
臂痛,,,unreviewed,False
自汗,,,unreviewed,False
自汗、盗汗,,,unreviewed,False
自汗盗汗,,,unreviewed,False
舌干,,,unreviewed,False
舌强,,,unreviewed,False
舌疮,,,unreviewed,False
舌肿,,,unreviewed,False
舌苔白,,,unreviewed,False
舌苔白腻,,,unreviewed,False
虚烦不眠,,,unreviewed,False
蚕豆,,,unreviewed,False
衄血,,,unreviewed,False
视物不清,,,unreviewed,False
视物昏花,,,unreviewed,False
语言,,,unreviewed,False
谵语,,,unreviewed,False
赤白带,,,unreviewed,False
身热,,,unreviewed,False
身热心烦,,,unreviewed,False
身疼,,,unreviewed,False
身痛,,,unreviewed,False
身重,,,unreviewed,False
转筋,,,unreviewed,False
迎风流泪,,,unreviewed,False
近视,,,unreviewed,False
遗尿,,,unreviewed,False
遗精,,,unreviewed,False
遗精早泄,,,unreviewed,False
遗精阳痿,,,unreviewed,False
里急后重,,,unreviewed,False
量多,,,unreviewed,False
闭经,,,unreviewed,False
阳痿,,,unreviewed,False
阳痿早泄,,,unreviewed,False
阳痿遗精,,,unreviewed,False
阴囊,,,unreviewed,False
阴挺,,,unreviewed,False
阴痒,,,unreviewed,False
难产,,,unreviewed,False
面赤,,,unreviewed,False
音哑,,,unreviewed,False
项强,,,unreviewed,False
须发早白,,,unreviewed,False
顿咳,,,unreviewed,False
食减,,,unreviewed,False
食少,,,unreviewed,False
食少便溏,,,unreviewed,False
食少气短,,,unreviewed,False
食少腹胀,,,unreviewed,False
食欲不振,,,unreviewed,False
骨痛,,,unreviewed,False
骨节疼痛,,,unreviewed,False
骨蒸劳热,,,unreviewed,False
骨蒸盗汗,,,unreviewed,False
高热,,,unreviewed,False
高热神昏,,,unreviewed,False
麻木,,,unreviewed,False
麻疹,,,unreviewed,False
黄色,,,unreviewed,False
鼻塞,,,unreviewed,False
鼻干,,,unreviewed,False
鼻衄,,,unreviewed,False
