dataset,fold,accuracy_delta,precision_delta,recall_delta,f1_delta,mcc_delta,auroc_delta,auprc_delta
HIT,1,0.0,0.0,0.0,0.0,0.0,0.0005304783950617065,0.0009729911824210014
HIT,2,0.00347222222222221,0.0012662337662338041,0.00694444444444442,0.0035854231974921102,0.008223940316547829,9.645061728380533e-05,-0.003301031786718256
HIT,3,0.0,0.0,0.0,0.0,0.0,9.645061728402737e-05,5.056709003925519e-05
HIT,4,0.0,0.0,0.0,0.0,0.0,0.00019290123456794372,0.0002504048672873349
HIT,5,0.0,-0.008565806227572637,0.01388888888888884,0.001419034411584419,0.002582366932055824,0.0015432098765431057,0.001346184377396864
HIT,6,0.0,-0.0045613314156564,0.00694444444444442,0.000733341481572003,0.0009016094008656994,0.001350308641975384,0.0018511213487044653
HIT,7,0.0034965034965035446,0.004907761921336573,0.0,0.0028876873924796875,0.006041921774618597,0.000586825761650811,0.0005829548214701941
HIT,8,0.0,0.0,0.0,0.0,0.0,0.00034231502762960275,0.0005054265886195175
HIT,9,0.0034965034965034336,0.008227374719521285,-0.013986013986014068,0.0003886033243247766,-0.001439433057379036,0.0013937111839210647,0.0028650735848554376
HIT,10,-0.0034965034965035446,-0.0011007911936704584,-0.006993006993006978,-0.003561181091145893,-0.008185885453614317,0.0032275416890801267,0.006392479724006805
TCMIO,1,-0.003759398496240629,0.0009740259740259605,-0.015037593984962405,-0.005328992842649871,-0.011234866464063131,0.008479846232121724,0.0142823609333389
TCMIO,2,0.0,-0.003592607020733163,0.007518796992481147,0.0012311632029942121,0.00138285909834579,0.00944089547176219,0.010810533055996108
TCMIO,3,-0.007518796992481147,-0.014519454314164126,0.007518796992481258,-0.004909983633387904,-0.012346268448780728,0.00016959692464246778,0.0024115821569824503
TCMIO,4,-0.003759398496240629,-0.005577725376383014,0.0,-0.003104414325736271,-0.006914748025508732,0.0005087907739272923,0.003355112334419208
TCMIO,5,0.0,0.0034766983085277037,-0.007518796992481258,-0.0010250675612710758,-0.0021761366245736102,0.0032223415682063328,0.004312566967034082
TCMIO,6,0.007518796992481258,-0.00520833333333337,0.022556390977443663,0.008992987782838191,0.014486539857440861,0.00011306461642823784,0.00019346399862341102
TCMIO,7,-0.007518796992481258,-0.0026841910403554436,-0.015037593984962405,-0.008265411548616708,-0.016199233409703306,0.009723557012832895,0.021487230646175526
TCMIO,8,0.05303030303030298,-0.0031074782138755808,0.12121212121212122,0.06412663924885542,0.09866988217791262,1.1102230246251565e-16,-0.0003082898440227577
TCMIO,9,0.0,0.0,0.0,0.0,0.0,0.0005739210284664287,0.0007577099485404082
TCMIO,10,-0.0037878787878787845,-0.006823964839231977,0.0,-0.003399009102431183,-0.007598584962887345,0.0008608815426998095,0.001937829147267478
